author_display,title,id,author_id
Ghalib (Mirza Asadullah Beg Khan),A Lamp in a Strong Wind ,text01523,pers00876
"Sigourney, Lydia",To a Shred of Linen ,text00629,pers00586
"Musset, Alfred de",Venice ,text00601,pers00113
"Byron, George Gordon, Lord",On This Day I Complete My Thirty-Sixth Year ,text00167,pers00012
"Pushkin, Alexander",The Poet ,text01279,pers00120
"Keats, John",Where Be Ye Going ,text00173,pers00013
"Arolas Bonet, Juan",The Beautiful Halewa ,text00615,pers00142
"Dickinson, Emily","[615 ""Our journey had advanced —""] ",text00826,pers00523
"Southey, Robert",To a Brook Near the Village of Corston ,text00198,pers00008
"Dickinson, Emily","[709 ""Publication — is the Auction""] ",text00832,pers00523
"Eichendorff, Joseph Freiherr von",The Hermit ,text01047,pers00091
"Blake, William","Jerusalem [‘Trembling I Sit’, plate 5, ll. 16 – 20]",text00359,pers00009
"Droste-Hülshoff, Annette von",On the Tower ,text01053,pers00089
"Wordsworth, William","The Prelude [‘A Dedicated Spirit’, Book IV., ll. 316-345]",text00365,pers00006
"Wordsworth, William","The Prelude [‘A Mind Debarred’, Book VI., ll. 239-329]",text00371,pers00006
"Hugo, Victor",The Captive Girl ,text01133,pers00064
"Williams, Helen Maria","Part of an Irregular Fragment Found in a Dark Passage of the Tower [Ll. 1-40, 129-134]",text00239,pers00040
"Hugo, Victor",The Poet ,text01127,pers00064
"Wordsworth, William",Nuns Fret Not ,text00211,pers00006
"Wordsworth, William",I Grieved for Bonaparté ,text00205,pers00006
"Eminescu, Mihai",The Lake ,text00588,pers00175
"Whitman, Walt",Trickle Drops ,text00749,pers00133
"Murger, Henri",Old Loves ,text01457,pers00112
"Lermontov, Mikhail",The Prophet ,text01331,pers00107
"Lermontov, Mikhail",Meditation ,text01325,pers00107
"Bialik, Hayyim Nachman",The Dead of the Wilderness ,text01443,pers00678
"Tuckerman, Frederick Goddard",Sonnets. First series. X ,text00775,pers00602
"Blake, William",And Did Those Feet ,text00013,pers00009
"Lermontov, Mikhail",Ossian’s Grave ,text01319,pers00107
"Wordsworth, William",Strange Fits of Passion I Have Known ,text00007,pers00006
"Whitman, Walt",So Long! ,text00761,pers00133
"Musset, Alfred de",Rolla [opening section],text00952,pers00113
"Sainte-Beuve, Charles-Augustin",Sonnet Imitated from Wordsworth,text00946,pers00122
"Browning, Elizabeth Barrett","Aurora Leigh [Book I., ll. 832-880]",text00947,pers00080
"Verlaine, Paul",Cortege ,text01481,pers00130
"Bjørnson, Bjørnstjerne",Fatherland Song ,text01495,pers00729
"Wordsworth, William",Lucy Gray ,text00006,pers00006
"Whitman, Walt",A Noiseless Patient Spider ,text00760,pers00133
"Tuckerman, Frederick Goddard",Sonnets. First series. Sonnet VII ,text00774,pers00602
"Southey, Robert",The Inchcape Rock ,text00012,pers00008
"Brun, Friederike",Chamouny at Sunrise After Klopstock (in May 1791).,text00984,pers00081
"Whitman, Walt",Spontaneous Me ,text00748,pers00133
"García Tassara, Gabriel",Despair [excerpts],text00562,pers00183
"Smith, Charlotte Turner",To the Earl of Egremont [Sonnet XVIII.],text00204,pers00001
"Wordsworth, William",Ere We Had Reached the Wished-for Place ,text00210,pers00006
"Leopardi, Giacomo",The Calm after the Storm ,text00576,pers00106
"Blake, William",Fair Elenor ,text00238,pers00009
"Mörike, Eduard",The Forsaken Girl ,text01091,pers00210
"Mörike, Eduard","On a Winter Morning, Before Sunrise ",text01085,pers00210
"Robinson, Mary",The Castle of Indolence Stanzas [Ll. 37-72],text00370,pers00003
"Wordsworth, William","The Prelude [‘The Glad Preamble’, Book I., ll. 1-54]",text00364,pers00006
"Blake, William","Milton [‘I Come In Self-Annihilation’, plate 4, ll. 2-28]",text00358,pers00009
"Baratynsky, Evgeny",Tempest ,text01293,pers00075
"Dickinson, Emily","[712 ""Because I could not stop for Death —""] ",text00833,pers00523
"Dickinson, Emily","[632 ""The Brain — is wider than the Sky —""] ",text00827,pers00523
"Lloyd, Charles",On the Death of Priscilla Farmer ,text00199,pers00036
"Pushkin, Alexander",The Bronze Horseman A Tale of St. Petersburg,text01287,pers00120
"Shelley, Percy Bysshe","Music, When Soft Voices Die ",text00172,pers00014
"Byron, George Gordon, Lord","Don Juan [‘The Isles of Greece’, Canto III, st. 86 (hymn only)]",text00166,pers00012
"Zhukovsky, Vasily",Song ,text01250,pers00134
"Sigourney, Lydia",Indian Names ,text00628,pers00586
"Castro, Rosalía de",Justice by the Hand ,text01244,pers00166
"Batyushkov, Konstantin",Shade of a Friend ,text01252,pers00076
"Tighe, Mary",Address to My Harp ,text00158,pers00022
"Zhukovsky, Vasily",Song (When I was loved ...) ,text01246,pers00134
"Shelley, Percy Bysshe",The Cloud ,text00170,pers00014
"Byron, George Gordon, Lord",Stanzas for Music (‘There’s not a joy’),text00164,pers00012
"Dickinson, Emily","[664 ""Of all the Souls that stand create —""] ",text00831,pers00523
"Baratynsky, Evgeny",An Admission ,text01291,pers00075
"Pushkin, Alexander",Autumn (A Fragment),text01285,pers00120
"Dickinson, Emily","[613 ""They shut me up in Prose —""] ",text00825,pers00523
"Dickinson, Emily","[448 ""This was a Poet — It is That""] ",text00819,pers00523
"Wordsworth, William",A Complaint ,text00372,pers00006
"Wordsworth, William","Elegiac Stanzas, Suggested by a Picture of Peele Castle in a Storm, Painted by Sir George Beaumont ",text00366,pers00006
"Mörike, Eduard",Withdrawal ,text01093,pers00210
"Mörike, Eduard",September Morning ,text01087,pers00210
"Hölderlin, Friedrich",Bread and Wine ,text00548,pers00099
"Wordsworth, William",With Ships the Sea Was Sprinkled ,text00206,pers00006
"Fet, Afanasy",The Tomb of My Brother: Ode.,text00560,pers00371
"Petöfi, Sándor",The Tisza ,text00574,pers00118
"Wordsworth, William",Scorn Not the Sonnet ,text00212,pers00006
"Hölderlin, Friedrich",The Sanctimonious Poets ,text00986,pers00099
"Byron, George Gordon, Lord","Don Juan [‘Juan and Haidee’, Canto II-IV]",text00038,pers00012
"Hölderlin, Friedrich",The Poet’s Vocation ,text00992,pers00099
"Whitman, Walt",Hours Continuing Long... ,text00762,pers00133
"Coleridge, Samuel Taylor",Kubla Khan ,text00004,pers00004
"Wordsworth, William",Three Years She Grew ,text00010,pers00006
"Tuckerman, Frederick Goddard",Sonnets. Third series. Sonnet X ,text00776,pers00602
"Kerner, Justinus",Home-Sickness ,text01483,pers00564
"Tegnér, Esaias",Frithiof’s Homestead [From Canto III],text01497,pers00377
"Ridge, John Rollin",The Rainy Season in California ,text00789,pers00606
"Goethe, Johann Wolfgang von",[Mignon's Song] ,text00978,pers00096
"Ridge, John Rollin",Mount Shasta ,text00788,pers00606
"Nerval, Gérard de",Golden Verses ,text00950,pers00115
"Odoevsky, Alexander",Response to A. S. Pushkin ,text00944,pers00520
"Campbell, Thomas",Hohenlinden ,text00011,pers00007
"Verlaine, Paul",Pantomime ,text01469,pers00130
"Tuckerman, Frederick Goddard",The Cricket ,text00777,pers00602
"Melville, Herman",The Portent ,text00763,pers00600
"Lamb, Charles",Old Familiar Faces ,text00005,pers00005
"Mickiewicz, Adam",Bakhchisaray by Night ,text01333,pers00110
"Murger, Henri",Spring in the Students' Quarter ,text01455,pers00112
"Bialik, Hayyim Nachman",Night ,text01441,pers00678
"Landon, Letitia Elizabeth",The Indian Bride ,text00039,pers00019
"Lermontov, Mikhail",My Native Land ,text01327,pers00107
"Tighe, Mary",To Death ,text00213,pers00022
"Vigny, Alfred de",Address to Europe on the Death of Lord Byron ,text01119,pers00131
"Wordsworth, William",Westminster Bridge ,text00207,pers00006
"Hugo, Victor",Enthusiasm ,text01131,pers00064
"Hugo, Victor",The Lyre and the Harp. To M. Alph. de L.,text01125,pers00064
"Barbauld, Anna Laetitia",To Mr Coleridge ,text00367,pers00026
"Lenau, Nikolaus",The Oak Grove ,text01079,pers00512
"Tighe, Mary","Psyche [Canto VI., st. 58-60]",text00373,pers00022
"Eichendorff, Joseph Freiherr von",Moonlit Night ,text01045,pers00091
"Droste-Hülshoff, Annette von",The Heath-Man ,text01051,pers00089
"Eminescu, Mihai",The Epigones [extracts],text00429,pers00175
"Dickinson, Emily","[441 ""This is my letter to the World""] ",text00818,pers00523
"Dickinson, Emily","[569 ""I reckon — when I count at all —""] ",text00824,pers00523
"Dickinson, Emily","[657 ""I dwell in Possibility —""] ",text00830,pers00523
"Byron, George Gordon, Lord",We’ll Go No More A-Roving ,text00165,pers00012
"Hugo, Victor",The Djinns ,text00603,pers00064
"Vörösmarty, Mihály",Thoughts in the Library ,text00617,pers00333
Ghalib (Mirza Asadullah Beg Khan),The drop dies in the river ... ,text01509,pers00876
"Shelley, Percy Bysshe",Hellas [Ll. 1060-1101],text00171,pers00014
"Wordsworth, Dorothy",A Cottage in Grasmere Vale ,text00159,pers00033
Ghalib (Mirza Asadullah Beg Khan),Don’t Skimp with Me Today ,text01521,pers00876
"Keats, John",I Had a Dove ,text00175,pers00013
"Rădulescu, Ion Heliade",The Ballad of the Flying Dragon [excerpts],text00613,pers00224
Ghalib (Mirza Asadullah Beg Khan),There are a thousand desires like this ... ,text01519,pers00876
"Verdi, Giuseppe / Solera, Temistocle",Nabucco [‘The Chorus of the Hebrew Slaves’],text00607,"pers00316,pers00749"
"Byron, George Gordon, Lord",The Maid of Athens ,text00161,pers00012
"Wordsworth, William",The Sun Has Long Been Set ,text00149,pers00006
Ghalib (Mirza Asadullah Beg Khan),The Sword Wound ,text01525,pers00876
"Dickinson, Emily","[287 ""A Clock stopped —""] ",text00808,pers00523
"Dickinson, Emily","[744 ""Remorse — is Memory — awake —""] ",text00834,pers00523
"Dickinson, Emily","[465 ""I heard a Fly buzz — when I died —""] ",text00820,pers00523
"Heine, Heinrich",The Gods of Greece ,text01069,pers00098
"Byron, George Gordon, Lord","Childe Harold's Pilgrimage [Canto III., st. 3-6]",text00377,pers00012
"Wordsworth, William","Peter Bell [Prologue, ll. 1-15, 31-80, 101-110, 121-155]",text00363,pers00006
"Droste-Hülshoff, Annette von",In the Grass ,text01055,pers00089
"Eichendorff, Joseph Freiherr von",Evening ,text01041,pers00091
"Musset, Alfred de",The Nights [The night of October (excerpt)],text00439,pers00113
"Hemans, Felicia",To Wordsworth ,text00388,pers00018
"Smith, Charlotte Turner",From the Thirteenth Cantata of Metastasio [Sonnet XVII.],text00203,pers00001
"Bryan, Mary",To My Brother ,text00217,pers00025
"Lamartine, Alphonse de",Enthusiasm ,text01109,pers00104
"Vigny, Alfred de",The Organ ,text01121,pers00131
"Hugo, Victor",Ecstasy ,text01135,pers00064
"Smith, Charlotte Turner",To the South Downs ,text00001,pers00001
"Melville, Herman",To Ned ,text00767,pers00600
"Verlaine, Paul",A La Promenade ,text01479,pers00130
"Brownell, Henry Howard",The Burial of the Dane ,text00773,pers00601
"Moore, Thomas",Oh! Blame Not the Bard ,text00015,pers00011
"Lermontov, Mikhail",The Neighbor ,text01323,pers00107
"Leopardi, Giacomo",To Italy ,text01445,pers00106
"Chénier, André",A white nymph wandering in the woods by night ... ,text01451,pers00083
"Mickiewicz, Adam",The Monument of Peter the Great ,text01337,pers00110
"Blake, William",The Crystal Cabinet ,text00029,pers00009
"Dickinson, Emily","[130 ""These are the days when Birds come back —""] ",text00798,pers00523
"Musset, Alfred de",Sonnet ,text00954,pers00113
"Ibsen, Henrik",In the Orchard ,text01493,pers00756
"Dickinson, Emily","[185 ""'Faith' is a fine invention""] ",text00799,pers00523
"Baggesen, Jens",Childhood ,text01487,pers00147
"Hugo, Victor",At Dawn Tomorrow ... ,text00941,pers00064
"Klopstock, Friedrich Gottlieb",The Spring Festival ,text00969,pers00102
"Hölderlin, Friedrich",In the lovely blue ... ,text00996,pers00099
"Coleridge, Samuel Taylor",Love ,text00028,pers00004
"Schiller, Friedrich",The Walk ,text00982,pers00072
"Brownell, Henry Howard",Night-Quarters ,text00772,pers00601
"Scott, Walter",Lochinvar ,text00014,pers00010
"Melville, Herman",The Maldive Shark ,text00766,pers00600
"Espronceda, José de",To the Sun: A Hymn.,text00558,pers00178
"Hunt, James Leigh",On a Lock of Milton’s Hair ,text00216,pers00021
"Hardenberg, Georg Philipp Friedrich Freiherr von (Novalis)",When No Longer Numbers and Figures ,text00570,pers00116
"Bécquer, Gustavo Adolfo",Rhyme LXVI ,text00564,pers00150
"Smith, Charlotte Turner",Written at the Close of Spring [Sonnet II.],text00202,pers00001
"Lenau, Nikolaus","All around a silencing ... [Forest songs, 9]",text01083,pers00512
"Mörike, Eduard",The Beautiful Beech ,text01097,pers00210
"Wordsworth, William",Extempore Effusion Upon the Death of James Hogg ,text00389,pers00006
"Coleridge, Samuel Taylor",And This Reft House... ,text00362,pers00004
"Hunt, James Leigh",Feast of the Poets [Ll. 204-249],text00376,pers00021
"Dickinson, Emily","[508 ""I'm ceded — I've stopped being Theirs —""] ",text00821,pers00523
"Pushkin, Alexander",Arion ,text01281,pers00120
"Baratynsky, Evgeny",Death ,text01295,pers00075
"Dickinson, Emily","[754 ""My Life had stood — a Loaded Gun —""] ",text00835,pers00523
"Dickinson, Emily","[288 ""I'm Nobody! Who are you?""] ",text00809,pers00523
"Castro, Rosalía de",You will say of these verses ... ,text01242,pers00166
"Batyushkov, Konstantin","You wake, O Baia ... ",text01256,pers00076
"Wordsworth, William",I Have Thoughts that Are Fed by the Sun ,text00148,pers00006
"Taylor, Jane",The Star ,text00160,pers00034
"Keats, John",The Witching Time ,text00174,pers00013
"Byron, George Gordon, Lord",She Walks in Beauty ,text00162,pers00012
"Keats, John","Hush, Hush! Tread Softly ",text00176,pers00013
"Pushkin, Alexander",To Ovid ,text01268,pers00120
"Castro, Rosalía de",Be Silent! ,text01240,pers00166
"Horton, George Moses",On Hearing of the Intention of a Gentleman To Purchase the Poet's Freedom ,text00638,pers00588
"Batyushkov, Konstantin",Awakening ,text01254,pers00076
"Pushkin, Alexander",To the Poet ,text01283,pers00120
"Dickinson, Emily","[528 ""Mine — by the Right of the White Election!""] ",text00823,pers00523
"Dickinson, Emily","[822 ""This Consciousness that is aware""] ",text00837,pers00523
"Baratynsky, Evgeny",I didn’t love her ... ,text01297,pers00075
"Smith, Charlotte Turner",Should the Lone Wanderer [Sonnet XXXVI.],text00189,pers00001
"Coleridge, Samuel Taylor",Pensive at Eve... ,text00360,pers00004
"Coleridge, Samuel Taylor",To William Wordsworth ,text00374,pers00004
"Hemans, Felicia",The Dreaming Child ,text00348,pers00018
"Lenau, Nikolaus",Loneliness ,text01081,pers00512
"Mörike, Eduard",To an Aeolian Harp ,text01095,pers00210
"Eichendorff, Joseph Freiherr von",Divining Rod ,text00572,pers00091
"Hunt, James Leigh","Written During the Author’s Imprisonment, November 1814 ",text00214,pers00021
"Seward, Anna",By Derwent’s Rapid Stream ,text00200,pers00037
"Mácha, Karel Hynek",May ,text00566,pers00373
"Shelley, Percy Bysshe",Lift Not the Painted Veil ,text00228,pers00014
"Byron, George Gordon, Lord","Don Juan [Canto II, st. 188-198 (ll. 1497 – 1584).]",text00599,pers00012
"Byron, George Gordon, Lord","Childe Harold's Pilgrimage [Canto III, st. 16 – 18, 21 – 28: ‘Revelry by Night’]",text00016,pers00012
"Melville, Herman",Art ,text00770,pers00600
"Melville, Herman",A Utilitarian View of the Monitor's Fight ,text00764,pers00600
"Burns, Robert","To a Mountain Daisy, on Turning One Down with the Plough, April 1786",text00002,pers00002
"Hölderlin, Friedrich",Ganymede ,text00994,pers00099
"Whitman, Walt",The Last Invocation ,text00758,pers00133
"Schiller, Friedrich",The Gods of Greece ,text00980,pers00072
"Wergeland, Henrik",The Wall-Flower ,text01491,pers00336
"Müller, Wilhelm",Whither? ,text01485,pers00567
"Landon, Letitia Elizabeth",The Unknown Grave ,text00942,pers00019
"Gautier, Théophile",The Last Leaf ,text00956,pers00062
"Bécquer, Gustavo Adolfo",Rima LXXIII: They closed her eyes ... ,text01447,pers00150
"Whitman, Walt",A Clear Midnight ,text00759,pers00133
"Lermontov, Mikhail",I Am No Byron ,text01321,pers00107
"Mickiewicz, Adam",To *** In the Alps at Splügen.,text01335,pers00110
"Chénier, André","Well, I would have it so ... ",text01453,pers00083
"Melville, Herman",Malvern Hill ,text00765,pers00600
"Robinson, Mary",A London Summer Morning ,text00003,pers00003
"Keats, John",To Autumn ,text00017,pers00013
"Tyutchev, Fyodor",Dusk ,text01309,pers00238
"Melville, Herman",Fragments of a Lost Gnostic Poem of the 12th Century ,text00771,pers00600
"Tegnér, Esaias",Song to the Sun ,text00598,pers00377
"Hugo, Victor",Buonaparte De Deo.,text01123,pers00064
"Hugo, Victor","Setting Suns, II.",text01137,pers00064
"Clare, John",Give Me the Gloomy Walk ,text00229,pers00016
"Tighe, Mary",Written at Scarborough ,text00201,pers00022
"Hunt, James Leigh","Written in the Spring that Succeeded Imprisonment, May 1815 ",text00215,pers00021
"Norton, Caroline Elizabeth Sarah",Recollections ,text00349,pers00020
"Heine, Heinrich",The Grenadiers ,text01057,pers00098
"Eichendorff, Joseph Freiherr von",Longing ,text01043,pers00091
"Byron, George Gordon, Lord","English Bards and Scotch Reviewers [Ll. 1 – 38, 85 – 148]",text00375,pers00012
"Coleridge, Samuel Taylor",Oh I Do Love Thee... ,text00361,pers00004
"Dickinson, Emily","[799 ""Despair's advantage is achieved""] ",text00836,pers00523
"Smith, Charlotte Turner",The Partial Muse [Sonnet I.],text00188,pers00001
"Dickinson, Emily","[510 ""It was not Death, for I stood up""] ",text00822,pers00523
"Emerson, Ralph Waldo",Each and All ,text00639,pers00092
"Nguyễn, Du",The Tale of Kiều ,text01527,pers00885
"Mickiewicz, Adam","The Crimean Sonnets. [sonnets 6, 10, 13]",text00611,pers00110
"Keats, John",This Living Hand ,text00177,pers00013
"Byron, George Gordon, Lord",Stanzas for Music [‘There be none of Beauty’s daughters’],text00163,pers00012
"Heine, Heinrich",Jehuda ben Halevy (Fragment) [I],text00605,pers00098
"Robinson, Mary",A Thousand Torments ,text00138,pers00003
"Zorrilla y Moral, José",To the Unhappy Memory of the Young Author Don Mariano José de Larra ,text01226,pers00328
"Desbordes-Valmore, Marceline",A Woman's Letter ,text00892,pers00513
"Coronado, Carolina",Freedom ,text01232,pers00084
"Shelley, Percy Bysshe",Ode to the West Wind ,text00104,pers00014
"Longfellow, Henry Wadsworth",A Psalm of Life: What the Heart of the Young Man Said to the Psalmist,text00662,pers00205
"Whittier, John Greenleaf",Snow-Bound: A Winter Idyll ,text00676,pers00590
"Blake, William",The Shepherd ,text00110,pers00009
"Dickinson, Emily","[1651 ""A Word made Flesh is seldom""] ",text00845,pers00523
"Poe, Edgar Allan",Ulalume — A Ballad,text00689,pers00119
"Lazarus, Emma",Venus of the Louvre ,text00851,pers00610
"Southey, Robert",History ,text00879,pers00008
"Shelley, Percy Bysshe",England in 1819 ,text00306,pers00014
"Burns, Robert",A Poet’s Welcome to his Love-begotten Daughter ,text00312,pers00002
"Hugo, Victor",Response to an Indictment ,text00528,pers00064
"Keats, John",Old Meg She Was a Gypsy ,text00272,pers00013
"Southey, Robert / Coleridge, Samuel Taylor",The Devil’s Thoughts ,text00266,"pers00008,pers00004"
"Alfieri, Vittorio",Great father Dante ... ,text01193,pers00514
"Baudelaire, Charles",Correspondences ,text01187,pers00057
"Wordsworth, William","The Prelude [Book X. ‘Residence in France and French Revolution’, ll. 201-210, 218-274 (War and Alienation: London and Wales, 1793 – 1794)]",text00299,pers00006
"Chatterton, Thomas","An Excelente Balade of Charitie: As wroten bie the goode Prieste Thomas Rowley, 1464",text01352,pers00082
"Byron, George Gordon, Lord",The Prisoner of Chillon ,text00058,pers00012
"Coleridge, Samuel Taylor","This Lime-Tree Bower, My Prison A Poem Addressed to Charles Lamb of the India-House, London",text00070,pers00004
"Very, Jones",The New World ,text00716,pers00596
"Norwid, Cyprian Kamil",What did you do to Athens ... ,text01408,pers00463
"Cranch, Christopher Pearse",Correspondences ,text00702,pers00595
"Landon, Letitia Elizabeth",She Sat Alone Beside Her Hearth ,text00064,pers00019
"Pushkin, Alexander",Deep in the Ore Beds of Siberia ... ,text00931,pers00120
"Delvig, Anton",Inspiration ,text00925,pers00519
"Heine, Heinrich",Alone a Spruce Is Standing ,text00918,pers00098
"Tagore, Rabindranath","Leave This Gitanjali, 11",text01384,pers00842
"Solomos, Dionysios",The Shark ,text01390,pers00125
"Cranch, Christopher Pearse",Enosis ,text00703,pers00595
"Barbauld, Anna Laetitia","The Mouse’s Petition to Dr Priestley, Found in the Trap where he had been Confined all Night",text00065,pers00026
"Coleridge, Samuel Taylor",Frost at Midnight ,text00071,pers00004
"Very, Jones",The Prayer ,text00717,pers00596
"Botev, Hristo",The Hanging of Vasil Levski ,text01421,pers00829
"Keats, John","Isabella, or The Pot of Basil [St. 32 – 63]",text00059,pers00013
"Petöfi, Sándor",The Song of the Dogs ,text01347,pers00118
"Grillparzer, Franz",Field-marshal Radetzky ,text01435,pers00272
"Wordsworth, William","The Prelude [Book X. ‘Residence in France and French Revolution’, ll. 24-82 (‘Sleep No More’: Paris, Oct. 1792)]",text00298,pers00006
"Musset, Alfred de",Sorrow ,text01179,pers00113
"Crabbe, George",Procrastination ,text00267,pers00044
"Bjørnson, Bjørnstjerne",[National Anthem] ,text00501,pers00729
"Estévez García del Canto, Josefa",The Wife ,text00515,pers00352
"Shelley, Percy Bysshe","Peter Bell the Third [Part IV, ll. 1-65]",text00273,pers00014
"Hugo, Victor",Stella ,text01145,pers00064
"Sainte-Beuve, Charles-Augustin",Sonnet. To Ronsard.,text01151,pers00122
"Burns, Robert",Ae Fond Kiss ,text00313,pers00002
"Campoamor, Ramón de",Mi vida ,text00475,pers00339
"Martínez de la Rosa y Berdejo, Francisco de Paula",Solitude [excerpt],text00461,pers00721
"Southey, Robert","The Vision of Judgment [St. 15-17, 23-28, 30-32, 36-39, 47-49, 52, 57-58, 66-69, 85-87, 94-95, 97-106]",text00307,pers00008
"Brentano, Clemens",Cradle Song ,text01019,pers00078
"Uhland, Ludwig",Faith in Springtime ,text01031,pers00388
"Leopardi, Giacomo",The infinite ,text00449,pers00106
"Günderode, Karoline von",Bright Red ,text01025,pers00097
"Schlegel, Karl Wilhelm Friedrich",The Thicket ,text00878,pers00124
"Lazarus, Emma",Echoes ,text00850,pers00610
"Poe, Edgar Allan",The Raven ,text00688,pers00119
"Dickinson, Emily","[1593 ""There came a Wind like a Bugle —""] ",text00844,pers00523
"Poe, Edgar Allan",To Science ,text00677,pers00119
"Blake, William",Infant Joy ,text00111,pers00009
"Blake, William",Song (‘How sweet I roamed’),text00105,pers00009
"Longfellow, Henry Wadsworth",The Wreck of the Hesperus ,text00663,pers00205
"Bécquer, Gustavo Adolfo",Rima I ,text01233,pers00150
"Campbell, Thomas",Written on Visiting a Scene in Argyleshire ,text00139,pers00007
"Günderode, Karoline von",The Balloonist ,text00887,pers00097
"Emerson, Ralph Waldo",Bacchus ,text00649,pers00092
"Brentano, Clemens",Serenade ,text00885,pers00078
"Blake, William",Laughing Song ,text00113,pers00009
"Whittier, John Greenleaf",What the Birds Said ,text00675,pers00590
"Hawthorne, Nathaniel","Oh, Man can seek the downward glance... ",text00661,pers00275
"Burns, Robert",The Banks o’ Doon ,text00107,pers00002
"Leopardi, Giacomo","To Spring, or, Concerning the Ancient Myths ",text01219,pers00106
"Lazarus, Emma",1492 ,text00852,pers00610
"Dickinson, Emily","[1732 ""My life closed twice before its close —""] ",text00846,pers00523
"Uhland, Ludwig",Bertran de Born ,text01033,pers00388
"Chamisso, Adelbert von",Lord Byron’s Last Love ,text01027,pers00389
"Byron, George Gordon, Lord",Stanzas to Augusta ,text00339,pers00012
"Coronado, Carolina",Oh How I Adore You! ,text00477,pers00084
"Blake, William",I Love the Jocund Dance ,text00311,pers00009
"Shelley, Percy Bysshe",The Mask of Anarchy ,text00305,pers00014
"Martínez de la Rosa y Berdejo, Francisco de Paula",My Suffering ,text00463,pers00721
"Blake, William",An Island in the Moon [Song XII. Village Cricket],text00259,pers00009
"Hugo, Victor",The Expiation I.,text01147,pers00064
"Sainte-Beuve, Charles-Augustin",The Circle ,text01153,pers00122
"Mickiewicz, Adam",Konrad Wallenrod [‘Song of the Wajdelota’ (excerpt)],text00503,pers00110
"Frere, John Hookham / Canning, George","The Rovers [Act I, scene 2]",text00265,"pers00046,pers00047"
"Frere, John Hookham","Whistlecraft [Canto III, st. 1 – 7, 15 – 19]",text00271,pers00046
"Gallego, Juan Nicasio",On My Return to Zamora in 1807 ,text00517,pers00353
"Petöfi, Sándor",Homer and Ossian ,text01345,pers00118
"Kollár, Ján",The Daughter of Sláva [excerpts],text01423,pers00468
"Thoreau, Henry David",Rumors from an Aeolian Harp ,text00729,pers00597
"Bialik, Hayyim Nachman",The Mathmid ,text01437,pers00678
"Petöfi, Sándor",The skylark sings ... ,text01351,pers00118
"Cowper, William","The Task [Book IV, ll. 267 – 332: ‘The Winter Evening’]",text00067,pers00023
"Hooper, Ellen Sturgis",Better a sin which purposed wrong to none... ,text00701,pers00594
"Very, Jones",The Created ,text00715,pers00596
"Wordsworth, William","Lines Written a Few Miles above Tintern Abbey, On Revisiting the Banks of the Wye during A Tour, July 13, 1798.",text00073,pers00006
"Shelley, Percy Bysshe",Hymn to Intellectual Beauty ,text00098,pers00014
"Tagore, Rabindranath","Song Unsung Gitanjali, 13",text01386,pers00842
"Karadžic, Vuk",A Poem for the Goddess Her City & the Marriage of Her Son & Daughter ,text01392,pers00847
"Pushkin, Alexander",I loved you ... ,text00933,pers00120
"Keats, John",Ode to Psyche ,text00099,pers00013
"Tastu, Amable",To Mr. Victor Hugo ,text00927,pers00126
"Very, Jones",Thy Brother's Blood ,text00714,pers00596
"Coleridge, Samuel Taylor",The Nightingale ,text00072,pers00004
"Barbauld, Anna Laetitia",A Summer’s Evening’s Meditation ,text00066,pers00026
"Hayati Kermani, Bibi",Is it the Night of Power ... ,text01378,pers00840
"Hooper, Ellen Sturgis","Heart, heart, lie still... ",text00700,pers00594
"Thoreau, Henry David",The Inward Morning ,text00728,pers00597
"Baudelaire, Charles",The Albatross ,text01191,pers00057
"Gautier, Théophile",Art ,text01185,pers00062
"Hogg, James",Isabelle [Ll. 1-40],text00270,pers00015
"Wordsworth, William",We Are Seven ,text00264,pers00006
"Blake, William","An Island in the Moon [Song VI. Lo, the Bat]",text00258,pers00009
"Oehlenschläger, Adam Gottlob",The Golden Horns ,text00489,pers00216
"Byron, George Gordon, Lord",Napoleon’s Farewell ,text00304,pers00012
"Norton, Caroline Elizabeth Sarah",A Voice from the Factories [St. 34 – 48],text00310,pers00020
"Byron, George Gordon, Lord",Stanzas to Augusta ,text00338,pers00012
"Menken, Adah Isaacs",Judith ,text00847,pers00609
"Lazarus, Emma",The New Colossus ,text00853,pers00610
"Hawthorne, Nathaniel",The Ocean ,text00660,pers00275
"Burns, Robert",Song (‘It was upon a Lammas Night’),text00106,pers00002
"Blake, William",The Echoing Green ,text00112,pers00009
"Whittier, John Greenleaf",Barbara Frietchie ,text00674,pers00590
"Gómez de Avellaneda, Gertrudis",To Him ,text01224,pers00146
"Coronado, Carolina",Sunflower ,text01230,pers00084
"Emerson, Ralph Waldo",Merlin II ,text00648,pers00092
"Desbordes-Valmore, Marceline",The Roses of Saadi ,text00890,pers00513
"Longfellow, Henry Wadsworth",The Bells of San Blas ,text00670,pers00205
"Blake, William",The Lamb ,text00116,pers00009
"Keats, John",Ode on Melancholy ,text00102,pers00013
"Longfellow, Henry Wadsworth",The Village Blacksmith ,text00664,pers00205
"Eichendorff, Joseph Freiherr von",Departure In a forest near Lubowitz.,text00894,pers00091
"Emerson, Ralph Waldo",Maia ,text00658,pers00092
"Goethe, Johann Wolfgang von",Wanderer's Nightsong II ,text00857,pers00096
"Dickinson, Emily","[1545 ""The Bible is an antique Volume —""] ",text00843,pers00523
"Burns, Robert",I Love My Jean ,text00314,pers00002
"Wordsworth, William","The Prelude [Book X. ‘Residence in France and French Revolution’, ll. 466-476, 515-556 (‘Eternal Justice’: Morecambe Sands, Aug. 1794)]",text00300,pers00006
"Wordsworth, William",She Was a Phantom of Delight ,text00328,pers00006
"Aasen, Ivar",The Norwegian ,text00499,pers00347
"Burns, Robert",Holy Willie’s Prayer ,text00260,pers00002
"Byron, George Gordon, Lord","Don Juan [Canto I, st. LIV. -CXVII., CXXXIII. -CLXXXVII.]",text00274,pers00012
"Scott, Walter","The Lay of the Last Minstrel [Canto II., st. I. -XXIII.]",text00248,pers00010
"Gautier, Théophile",Sonnet I ,text01181,pers00062
"Alfieri, Vittorio","Here, in so poor a tomb ... ",text01195,pers00514
"Cranch, Christopher Pearse",The Ocean ,text00704,pers00595
"Hood, Thomas",The Dream of Eugene Aram ,text00062,pers00017
Wu Tsao,For the Courtesan Ch’ing Lin ,text01368,pers00837
"Wordsworth, William",Statue Horse ,text00076,pers00006
"Very, Jones",The New Birth ,text00710,pers00596
"Channing, William Ellery",A Poet's Hope ,text00738,pers00598
"Goethe, Johann Wolfgang von","Venetian Epigrams [I., LXVI., CVI., CXXXVII., CXLI., CXLIII., CLV.]",text01354,pers00096
"Keats, John",Epistle to J. H. Reynolds [Ll. 82 – 105],text00089,pers00013
"Beddoes, Thomas Lovell",Dream-Pedlary ,text01397,pers00045
"Hugo, Victor",To My Friend S. -B. ,text00937,pers00064
"Beddoes, Thomas Lovell",A Crocodile ,text01396,pers00045
"Keats, John","Endymion [Book I, ll. 777 – 802]",text00088,pers00013
"Tagore, Rabindranath","Little Flute Gitanjali, 1",text01382,pers00842
"Solomos, Dionysios",Hymn to Liberty ,text01433,pers00125
"Jovanović, Jovan (Zmaj)",Grandfather and grandson ,text01427,pers00243
"Channing, William Ellery",Walden ,text00739,pers00598
"Petöfi, Sándor","Fate, give me space ... ",text01341,pers00118
"Wordsworth, William","Climbing of Snowdon [Prelude XIII., ll. 10 – 73]",text00077,pers00006
"Very, Jones",The Garden ,text00711,pers00596
"Cranch, Christopher Pearse",In the Palais Royal Garden ,text00705,pers00595
"Hemans, Felicia",Indian Woman’s Death Song ,text00063,pers00018
"Sainte-Beuve, Charles-Augustin",The Yellow Rays ,text01157,pers00122
"Hogg, James",The Wife of Crowle ,text00249,pers00015
"Hugo, Victor",Since flowering May is calling us outside ... ,text01143,pers00064
"Saavedra, Duque de Rivas, Ángel de",Romance / Ballad ,text00513,pers00231
"Southey, Robert",The Cataract of Lodore ,text00275,pers00008
"Robinson, Mary","January, 1795 ",text00261,pers00003
"Eminescu, Mihai","What I Wish You, Sweet Romanian Land ",text00507,pers00175
"Günderode, Karoline von",The Kiss in the Dream ,text01023,pers00097
"Wordsworth, William","‘Another Maid There Was’ [Prelude Book VI., ll. 233 – 239; XI., ll. 215 – 222]",text00329,pers00006
"Eichendorff, Joseph Freiherr von",Conversation in the Forest ,text01037,pers00091
"Espronceda, José de","It’s an Absurd World [Canto II, ‘To Teresa. Rest in Peace’ (extract)]",text00467,pers00178
"Clare, John",Helpstone [Ll. 95-134],text00301,pers00016
"Burns, Robert",Highland Mary ,text00315,pers00002
"Campoamor, Ramón de",Human Life ,text00473,pers00339
"Dickinson, Emily","[1129 ""Tell all the Truth but tell it slant —""] ",text00842,pers00523
"Espronceda, José de",The Beggar ,text01221,pers00178
"Hawthorne, Nathaniel",Oh could I raise the darken'd veil... ,text00659,pers00275
"Foscolo, Ugo",On the Death of His Brother Giovanni [Sonnet 10],text00881,pers00093
"Bécquer, Gustavo Adolfo",Rima XIV ,text01235,pers00150
"Keats, John",Ode on Indolence ,text00103,pers00013
"Longfellow, Henry Wadsworth",The Warning ,text00665,pers00205
"Whittier, John Greenleaf",The Hunters of Men ,text00671,pers00590
"Berchet, Giovanni",The Troubadour. Romance.,text01209,pers00324
"Blake, William",The Chimney Sweeper ,text00117,pers00009
"Longfellow, Henry Wadsworth",The Jewish Cemetery at Newport ,text00667,pers00205
"Keats, John",Ode on a Grecian Urn ,text00101,pers00013
"Blake, William",Holy Thursday ,text00115,pers00009
"Whittier, John Greenleaf",Telling the Bees ,text00673,pers00590
"Foscolo, Ugo",To the Muse [Sonnet 11],text00883,pers00093
"Blake, William",Nurse’s Song ,text00129,pers00009
"Osgood, Frances Sargent",Ah! Woman Still ,text00698,pers00593
"Dickinson, Emily","[1099 ""My Cocoon tightens — Colors tease —""] ",text00840,pers00523
"Lazarus, Emma",By the Waters of Babylon [No. V. Currents],text00854,pers00610
"Hunt, James Leigh","The St James’s Phenomenon [Ll. 1-30, 46-50, 61-65, 71-75]",text00303,pers00021
"Espronceda, José de",To Jarifa in an Orgy ,text00465,pers00178
"García Tassara, Gabriel",Mi mal ,text00471,pers00183
"Robinson, Mary","Written Between Dover and Calais, July 1792 ",text00317,pers00003
"Günderode, Karoline von",Ariadne on Naxos ,text01021,pers00097
"Grigoryev, Apollon",A Secret Power over You Has Been Given to Me ... ,text00459,pers00338
"Eichendorff, Joseph Freiherr von",The Broken Ring ,text01035,pers00091
"Hood, Thomas",Mary’s Ghost ,text00277,pers00017
"Musset, Alfred de",To Julie ,text01169,pers00113
"Tolstoy, Aleksey Konstantinovich",My Little Bluebells ,text00511,pers00351
"Mickiewicz, Adam",Pan Tadeusz [Book XI (excerpt)],text00505,pers00110
"Wordsworth, William","Peter Bell [Ll. 531-540, 571-580, 591-650]",text00263,pers00006
"Sainte-Beuve, Charles-Augustin",To My Friend V. H. ,text01155,pers00122
"Hugo, Victor",One last word ... ,text01141,pers00064
"Coleridge, Samuel Taylor","Fears in Solitude [Ll. 90 – 93, 101 – 20]",text00288,pers00004
"Very, Jones",The Presence ,text00713,pers00596
"Wordsworth, William",The Two-Part Prelude ,text00075,pers00006
"Byron, George Gordon, Lord","Don Juan [‘The Shipwreck’, Canto II, st. 51-52, 56-58, 65-83]",text00061,pers00012
"Cranch, Christopher Pearse",Bird Language ,text00707,pers00595
"Botev, Hristo",Hadji Dimiter ,text01419,pers00829
"Petrović-Njegoš, Petar II",The Mountain Wreath [excerpt],text01431,pers00831
"Wordsworth, William",The Mad Mother ,text00049,pers00006
"Petöfi, Sándor",One thought keeps tormenting me ... ,text01343,pers00118
"Jovanović, Jovan (Zmaj)",Bright graves [excerpt],text01425,pers00243
"Hemans, Felicia",The Image in Lava ,text00908,pers00018
"Lönnrot, Elias",Kalevala [In the Beginning],text01394,pers00731
"Tagore, Rabindranath","Mind without Fear Gitanjali, 35",text01380,pers00842
"Heine, Heinrich",In the Dreamy Wood I Wander ,text00920,pers00098
"Pushkin, Alexander",Sonnet [“Stern Dante did not despise the sonnet”],text00935,pers00120
"Beddoes, Thomas Lovell",Dream of Dying ,text01395,pers00045
"Hemans, Felicia",The Rock of Cader Idris ,text00909,pers00018
"Wordsworth, William",The Discharged Soldier ,text00048,pers00006
"Goethe, Johann Wolfgang von",The Metamorphosis of Plants ,text01356,pers00096
"Shelley, Percy Bysshe","The Cenci [Act V, scenes iii – iv]",text00060,pers00014
"Cranch, Christopher Pearse",The Spirit of the Age ,text00706,pers00595
"Very, Jones",The Dead ,text00712,pers00596
"Wordsworth, William",There Was a Boy ,text00074,pers00006
"Gautier, Théophile",The Wishes ,text01183,pers00062
"Southey, Robert",The Battle of Blenheim ,text00289,pers00008
"Alfieri, Vittorio",A crooked beak ... ,text01197,pers00514
"Campoamor, Ramón de","Caprices [First part X, LXXX, CXXXV; Second part XI, CLXIV, CLXXI, CCXXXI]",text00538,pers00339
"Wordsworth, William",The Idiot Boy ,text00262,pers00006
"Peacock, Thomas Love",The Legend of Manor Hall ,text00276,pers00049
"Smith, Charlotte Turner",To My Children ,text00316,pers00001
"Tieck, Johann Ludwig",Miracle of Love Gloss.,text01008,pers00129
"Clare, John",Lamentations of Round-Oak Waters [Ll. 157 – 196],text00302,pers00016
"Smith, Charlotte Turner",To a Nightingale ,text00855,pers00001
"Dickinson, Emily","[1101 ""Between the form of Life and Life""] ",text00841,pers00523
"Hooper, Ellen Sturgis",I slept and dreamed that life was Beauty... ,text00699,pers00594
"Chénier, André",The Young Captive ,text00869,pers00083
"Bécquer, Gustavo Adolfo",Rima LIII ,text01236,pers00150
"Blake, William",London ,text00128,pers00009
"Eichendorff, Joseph Freiherr von",On the Death of My Child [Stanza 8],text00896,pers00091
"Espronceda, José de","For Jarifa, at the Revels ",text01222,pers00178
"Blake, William",Nurse’s Song ,text00114,pers00009
"Whittier, John Greenleaf",Ichabod! ,text00672,pers00590
"Longfellow, Henry Wadsworth","Mezzo Cammin Boppard on the Rhine. August 25, 1842.",text00666,pers00205
"Keats, John",Ode to a Nightingale ,text00100,pers00013
"Blamire, Susanna",The Siller Croun ,text00119,pers00031
"Berchet, Giovanni",The Hermit of Mount Cenis. Romance.,text01207,pers00324
"Leopardi, Giacomo",To the Moon ,text01213,pers00106
"Blake, William",The Garden of Love ,text00125,pers00009
"Emerson, Ralph Waldo",Hamatreya ,text00643,pers00092
"Emerson, Ralph Waldo","""Teach me I am forgotten by the dead"" ",text00657,pers00092
"Blake, William",The Human Abstract ,text00131,pers00009
"Schiller, Friedrich",The Glove A Tale,text00864,pers00072
"Poe, Edgar Allan",To Helen ,text00680,pers00119
"Fuller, Margaret",Flaxman ,text00694,pers00592
"García Tassara, Gabriel",In the Countryside ,text00469,pers00183
"Lamartine, Alphonse de",Poetical Meditations [‘Isolation’],text00441,pers00104
"Eichendorff, Joseph Freiherr von",The Lark ,text01039,pers00091
"Wordsworth, William",It Is a Beauteous Evening ,text00327,pers00006
"Shelley, Percy Bysshe","Epipsychidion Verses Addressed To The Noble And Unfortunate Lady, Emilia Viviani, Now Imprisoned In The Convent Of St Anna",text00333,pers00014
"Alecsandri, Vasile",By the Fire Side ,text00455,pers00337
"Bolintineanu, Dimitrie",Stephen the Great’s Mother ,text00509,pers00152
"Musset, Alfred de",A Night in May ,text01171,pers00113
"Nerval, Gérard de",Thought from Byron ,text01165,pers00115
"Clare, John",Superstition’s Dream [Ll. 13-68],text00253,pers00016
"Southey, Robert",The Haunted Beach ,text00247,pers00008
"Nerval, Gérard de",The Dark Blot ,text01159,pers00115
"Corradi, Fernando",The Song of the Slave ,text00521,pers00355
"Bloomfield, Robert","The Farmer’s Boy [‘Summer’, ll. 287-290, 299-303, 333-351, 369-376, 391-400]",text00290,pers00052
"Wordsworth, William","The Female Vagrant [St. 33-36, 40-43]",text00284,pers00006
"Kölcsey, Ferenc",Hymn ,text01415,pers00488
"Bowles, William Lisle","Coombe Ellen [Ll. 1-19, 36-56, 76-90]",text00079,pers00027
"Wordsworth, William",Michael [Ll. 217-490],text00051,pers00006
"Thoreau, Henry David",Music ,text00737,pers00597
"Obradović, Dositej","Rise, O Serbia ",text01429,pers00830
"Very, Jones",The Spheres ,text00723,pers00596
"Blake, William",Visions of the Daughters of Albion ,text00045,pers00009
"Bryant, William Cullen",Inscription for the Entrance to a Wood ,text00910,pers00508
"Shelley, Percy Bysshe","Queen Mab [Canto III, ll. 138 — 169]",text00904,pers00014
"Hemans, Felicia",Remembrance of Nature ,text00092,pers00018
"Shelley, Percy Bysshe","To Jane, The Invitation ",text00086,pers00014
"Tennyson, Alfred, Lord",Flower in the crannied wall ... ,text01398,pers00127
"Hugo, Victor",Moonlight ,text00939,pers00064
"Tennyson, Alfred, Lord",The Hesperides ,text01399,pers00127
"Shelley, Percy Bysshe",To Jane: A Recollection ,text00087,pers00014
"Landon, Letitia Elizabeth","Scale Force, Cumberland ",text00093,pers00019
"Shelley, Percy Bysshe","Prometheus Unbound [Act I, ll. 31 — 58]",text00905,pers00014
"Keats, John","Endymion [Book I, ll. 1-33]",text00911,pers00013
"Very, Jones",The Silent ,text00722,pers00596
"Smith, Charlotte Turner",The Female Exile ,text00044,pers00001
"Wordsworth, William",Complaint of a Forsaken Indian Woman ,text00050,pers00006
"Thoreau, Henry David",What's the railroad to me?... ,text00736,pers00597
"Tennyson, Alfred, Lord",Song ,text01400,pers00127
"Wordsworth, William","Crossing the Alps [Prelude VI., ll. 494 – 572]",text00078,pers00006
"Ho, Xuan Huong",Weaving at Night ,text01366,pers00835
Wu Tsao,I have Closed the Double Doors ... ,text01372,pers00837
"Burns, Robert","For A’ That, and A’ That ",text00285,pers00002
"Wordsworth, William",On the Extinction of the Venetian Republic ,text00291,pers00006
"Southey, Robert",The Old Woman of Berkeley ,text00246,pers00008
"Lermontov, Mikhail",Words There are So Baffling ,text00534,pers00107
"Byron, George Gordon, Lord",La Belle Dame Sans Merci ,text00252,pers00012
"Wergeland, Henrik",The Army of Truth ,text00497,pers00336
"Stagnelius, Erik Johan",Friend! in the Moment of Devastation ,text00483,pers00341
"Shelley, Percy Bysshe","Laon and Cythna [Dedication, ll. 1-46, 91-126]",text00332,pers00014
"Wordsworth, William","‘Child of My Parents’ [Prelude Book XIII., ll. 211-246]",text00326,pers00006
"Schelling, Friedrich Wilhelm Joseph",Animal and Plant ,text01010,pers00304
"Hardenberg, Georg Philipp Friedrich Freiherr von (Novalis)",I see thee in a thousand pictures ,text01004,pers00116
"Fuller, Margaret",Freedom and Truth To a friend,text00695,pers00592
"Goethe, Johann Wolfgang von",Erlking ,text00859,pers00096
"Poe, Edgar Allan",Israfel ,text00681,pers00119
"Hölderlin, Friedrich",Half of Life ,text00871,pers00099
"Emerson, Ralph Waldo",The River ,text00656,pers00092
"Blake, William",The Tyger ,text00130,pers00009
"Blake, William",The Clod and the Pebble ,text00124,pers00009
"Emerson, Ralph Waldo",Uriel ,text00642,pers00092
"Blake, William",The Divine Image ,text00118,pers00009
"Longfellow, Henry Wadsworth",My Lost Youth ,text00668,pers00205
"Blake, William",The Sick Rose ,text00132,pers00009
"Emerson, Ralph Waldo",Waldeinsamkeit ,text00654,pers00092
"Eichendorff, Joseph Freiherr von",Pleasure in Death ,text00898,pers00091
"Emerson, Ralph Waldo",The Problem ,text00640,pers00092
"Blake, William",A Poison Tree ,text00126,pers00009
"Castro, Rosalía de",My illness is incurable ... ,text01238,pers00166
"Mereau, Sophie",To a Tree on a Trellis ,text00873,pers00511
"Williams, Helen Maria",Sonnet to Twilight ,text00867,pers00040
"Osgood, Frances Sargent",Forgive and Forget ,text00697,pers00593
"Poe, Edgar Allan",The City in the Sea ,text00683,pers00119
"Tieck, Johann Ludwig",Love ,text01006,pers00129
"Cowper, William",To Mary ,text00318,pers00023
"Wordsworth, William",Surprised by Joy ,text00330,pers00006
"Wordsworth, William",To a Butterfly ,text00324,pers00006
"Vörösmarty, Mihály",Csongor and Tünde [extract from the ‘Soliloquy of the Night’],text00495,pers00333
"Kellgren, Johan Henric","The New Creation, or the World of Imagination ",text00481,pers00340
"Norton, Caroline Elizabeth Sarah",First Love ,text00278,pers00020
"Wordsworth, William",The Thorn ,text00244,pers00006
"Crabbe, George",Peter Grimes ,text00250,pers00044
"Tyutchev, Fyodor",Silentium! ,text00536,pers00238
"Saluzzo Roero, Diodata",The War of 1793 ,text01199,pers00515
"Coleridge, Samuel Taylor",France: An Ode ,text00287,pers00004
"Wordsworth, William",We Had a Fellow-Passenger ,text00293,pers00006
"Ho, Xuan Huong",Jackfruit ,text01364,pers00835
"Ó Raifteiri, Antoine",I am Raifteirí ... ,text01402,pers00851
"Cranch, Christopher Pearse",The Pines and the Sea ,text00708,pers00595
Wu Tsao,Bitter Rain in my Courtyard ... ,text01370,pers00837
"Kobayashi, Issa",[Haiku] ,text01358,pers00833
"Southey, Robert",Mary the Maid of the Inn ,text00046,pers00008
"Very, Jones",The Hand and the Foot ,text00720,pers00596
"Thoreau, Henry David",Low-anchored cloud... ,text00734,pers00597
"Wordsworth, William",The Leech-Gatherer ,text00052,pers00006
"Clare, John",The Skylark ,text00907,pers00016
"Shelley, Percy Bysshe",Mont Blanc Lines Written in the Vale of Chamouni,text00085,pers00014
"Clare, John",This Leaning Tree with Ivy Overhung ,text00091,pers00016
"Keats, John",Twilight Time [Ll. 1 – 24],text00090,pers00013
"Byron, George Gordon, Lord",Epistle to Augusta ,text00084,pers00012
"Keats, John","The Fall of Hyperion [Canto I, ll. 1-18]",text00912,pers00013
"Clare, John",I’ve Loved Thee Swordy Well ,text00906,pers00016
"Thoreau, Henry David",Forever in my dream & in my morning thought ,text00735,pers00597
"Wordsworth, William","The London Beggar [Prelude VII., ll. 594-622]",text00053,pers00006
"Wordsworth, William",Old Man Travelling ,text00047,pers00006
"Very, Jones",Yourself ,text00721,pers00596
"Petöfi, Sándor",National Song ,text01417,pers00118
"Very, Jones",The Columbine ,text00709,pers00596
"Wordsworth, William",To Toussaint L’Ouverture ,text00292,pers00006
"Southey, Robert",Poems on the Slave Trade ,text00286,pers00008
"Byron, George Gordon, Lord",Darkness ,text00251,pers00012
"Geijer, Erik Gustaf",The Yeoman Farmer ,text00523,pers00356
"Coleridge, Samuel Taylor",Christabel [Part I.],text00245,pers00004
"Musset, Alfred de","To Sainte-Beuve, On a passage from an article in the Revue des Deux Mondes",text01173,pers00113
"Musset, Alfred de",Pale star of evening ... ,text01167,pers00113
"Cowper, William","Sweet Meat Has Sour Sauce, or The Slave Trader in the Dumps ",text00279,pers00023
"Wordsworth, William",The Sparrow’s Nest ,text00325,pers00006
"Vörösmarty, Mihály",On Mankind ,text00443,pers00333
"Eminescu, Mihai",Epistles [‘Epistle I’ (excerpt)],text00457,pers00175
"Shelley, Percy Bysshe",To Harriet ,text00331,pers00014
"Lamb, Charles","To Mary Ann Lamb, the Author’s Best Friend and Sister ",text00319,pers00005
"Brentano, Clemens",Lore Lay ,text01013,pers00078
"Poe, Edgar Allan",The Valley of Unrest ,text00682,pers00119
"Osgood, Frances Sargent",He Bade Me Be Happy ,text00696,pers00593
"Schiller, Friedrich",Naenia ,text00866,pers00072
"Emerson, Ralph Waldo",The Visit ,text00641,pers00092
"Byron, George Gordon, Lord",I Saw Thee Weep ,text00899,pers00012
"Blake, William",Infant Sorrow ,text00127,pers00009
"Blake, William",The Chimney Sweeper ,text00133,pers00009
"Emerson, Ralph Waldo",Compensation ,text00655,pers00092
"Saluzzo Roero, Diodata",On Sepulchers. To Ippolito Pindemonte,text01205,pers00515
"Manzoni, Alessandro",The Fifth of May. Ode,text01211,pers00109
"Longfellow, Henry Wadsworth",Aftermath ,text00669,pers00205
"Emerson, Ralph Waldo","Hymn: Sung at the Completion of the Concord Monument, April 19, 1836",text00651,pers00092
"Cristall, Ann Batten",Through Springtime Walks ,text00137,pers00032
"Blake, William",My Pretty Rose Tree ,text00123,pers00009
"Emerson, Ralph Waldo",The Snow-Storm ,text00645,pers00092
"Leopardi, Giacomo",The Evening After the Holy Day ,text01215,pers00106
"Saluzzo Roero, Diodata",To Evening ,text01201,pers00515
"Poe, Edgar Allan",“Alone” ,text00679,pers00119
"Holmes, Oliver Wendell",The Chambered Nautilus ,text00692,pers00591
"Poe, Edgar Allan",Lenore ,text00686,pers00119
"Scott, Walter",Jock of Hazeldean ,text00876,pers00010
"Burns, Robert",Afton Water ,text00862,pers00002
"Shelley, Percy Bysshe",To Jane ,text00335,pers00014
"Welhaven, Johan Sebastian",My Saint ,text00453,pers00325
"Leopardi, Giacomo",To himself ,text00447,pers00106
"Coleridge, Samuel Taylor",Letter to Sara Hutchinson 4 April 1802,text00321,pers00004
"Brentano, Clemens",Resonance of Beethoven’s Music ,text01017,pers00078
"Landon, Letitia Elizabeth",The Factory ,text00309,pers00019
"Wordsworth, William","The Prelude [Book IX., ll. 161-180]",text00484,pers00006
"Bürger, Gottfried August",Lenora ,text00241,pers00041
"Campbell, Thomas",The Last Man ,text00255,pers00007
"Nerval, Gérard de",Delphica ,text01163,pers00115
"Hogg, James",James Rigg [Ll. 1-42],text00269,pers00015
"Musset, Alfred de",A Wasted Evening ,text01177,pers00113
"Barbauld, Anna Laetitia",On the Expected General Rising of the French Nation in 1792 ,text00282,pers00026
"Wordsworth, William","The Prelude [Book IX. ‘Residence in France’, ll. 127-168 (Among Royalists: Blois, Spring 1792)]",text00296,pers00006
"Very, Jones",The Origin of Man ,text00725,pers00596
"Baillie, Joanna",The Storm-Beat Maid Somewhat after the Style of Our Old English Ballads,text00043,pers00024
"Petöfi, Sándor",The Song of the Wolves ,text01349,pers00118
"Bryan, Mary",The Visit [Ll. 45 – 126],text00057,pers00025
"Thoreau, Henry David",Fair Haven ,text00731,pers00597
"Very, Jones",The Barberry-Bush ,text00719,pers00596
"Berzsenyi, Dániel",To the Hungarians I.,text01413,pers00680
"Smith, Charlotte Turner","Beachy Head [Ll. 346 – 405, 456-505]",text00080,pers00001
"Landon, Letitia Elizabeth",Fountains Abbey ,text00094,pers00019
"Vigny, Alfred de",The Death of the Wolf ,text00916,pers00131
"Lamartine, Alphonse de",The Lake [Tenth Meditation.],text00903,pers00104
"Burns, Robert","Despondency, An Ode",text00095,pers00002
"Opie, Amelia",Stanzas Written Under Aeolus’ Harp ,text00081,pers00028
"Hayati Kermani, Bibi",Before there was a Hint of Civilization ... ,text01374,pers00840
"Norwid, Cyprian Kamil",The Sphinx ,text01406,pers00463
"Very, Jones",Autumn Leaves ,text00718,pers00596
"Ho, Xuan Huong",Autumn Landscape ,text01360,pers00835
"Campbell, Thomas",Lord Ullin’s Daughter ,text00056,pers00007
"Thoreau, Henry David","Light-winged Smoke, Icarian bird... ",text00730,pers00597
"Very, Jones",The Lost ,text00724,pers00596
"Cowper, William","The Task [Book I, ll. 534 – 556: ‘Crazy Kate’]",text00042,pers00023
"Wordsworth, William","The Prelude [Book IX. ‘Residence in France’, ll. 294 – 299, 511 – 534 (‘A Patriot’: Blois, early Summer 1792)]",text00297,pers00006
"Baudelaire, Charles",I love the thought ... ,text01189,pers00057
"Williams, Helen Maria","To Dr Moore, in Answer to a Poetical Epistle Written by Him in Wales [Ll. 35-82]",text00283,pers00040
"Smith, James","The Baby’s Debut, by W. W. ",text00268,pers00048
"Słowacki, Juliusz","Beniowski Poem. [Canto I, 25 – 27; Canto II, 12 – 20]",text00532,pers00349
"Beddoes, Thomas Lovell","The Bride’s Tragedy [Act II., scene iv.]",text00254,pers00045
"Burns, Robert",Tam O’ Shanter ,text00240,pers00002
"Wordsworth, William","The Prelude [Book XII., ll. 208-286]",text00526,pers00006
"Wordsworth, William","The Prelude [Book X., ll. 356-374, 397-415",text00485,pers00006
"Körner, Theodor",Lützow’s Wild Chase ,text00491,pers00344
"Hardenberg, Georg Philipp Friedrich Freiherr von (Novalis)",Hymns to the Night [5],text01002,pers00116
"Hood, Thomas","Ode to H. Bodkin Esq., Secretary to the Society for the Suppression of Mendicity ",text00308,pers00017
"Coleridge, Samuel Taylor","Composed on a Journey Homeward, the Author Having Received Intelligence of the Birth of a Son, September 20, 1796 ",text00320,pers00004
"Shelley, Percy Bysshe",To Jane with a Guitar ,text00334,pers00014
"Poe, Edgar Allan",Dream-Land ,text00687,pers00119
"Fuller, Margaret",Sistrum ,text00693,pers00592
"Poe, Edgar Allan",Romance ,text00678,pers00119
"Blake, William",Earth’s Answer ,text00122,pers00009
"Emerson, Ralph Waldo","The Rhodora: On Being Asked, Whence Is the Flower?",text00644,pers00092
"Emerson, Ralph Waldo",Musketaquid ,text00650,pers00092
"Hunt, James Leigh","To Percy Shelley, on the Degrading Notions of Deity ",text00888,pers00021
"Zorrilla y Moral, José",Oriental. [“Across the plain at a gallop”],text01228,pers00328
"Blake, William",Ah! Sun-Flower ,text00136,pers00009
"Emerson, Ralph Waldo","Ode, Inscribed to W. H. Channing ",text00646,pers00092
"Blamire, Susanna",Oh Bid Me Not to Wander Written when earnestly entreated to go the South of France for the recovery of her health.,text00120,pers00031
"Blake, William",Holy Thursday ,text00134,pers00009
"Emerson, Ralph Waldo",Brahma ,text00652,pers00092
"Burns, Robert",A Red Red Rose ,text00108,pers00002
"Poe, Edgar Allan",The Sleeper ,text00685,pers00119
"Holmes, Oliver Wendell",Old Ironsides ,text00691,pers00591
"Menken, Adah Isaacs",Infelix ,text00849,pers00609
"Blake, William",Mock on Mock on Voltaire Rousseau [from Blake’s notebook],text00861,pers00009
"Wordsworth, William",Nutting ,text00875,pers00006
"Wordsworth, William",To My Sister ,text00322,pers00006
"Byron, George Gordon, Lord",When We Two Parted ,text00336,pers00012
"Hardenberg, Georg Philipp Friedrich Freiherr von (Novalis)",Hymns to the Night [2],text01000,pers00116
"Byron, George Gordon, Lord",Don Juan [‘Dedication’.],text00487,pers00012
"Heine, Heinrich",Germany. A Winter’s Tale III.,text00493,pers00098
"Hood, Thomas",The Last Man ,text00256,pers00017
"Porta, Carlo","Romanticism [Ll. 31-72, 121-138, 151-162, 211-216]",text00530,pers00361
"Bürger, Gottfried August",The Lass of Fair Wone ,text00242,pers00041
"Wordsworth, William","The Prelude [Book IX. ‘Residence in France’, ll. 40-71 (A Tourist’s Unconcern: Paris, Dec. 1791)]",text00295,pers00006
"Yearsley, Ann","On the Inhumanity of the Slave Trade [Ll. 243-291, 347-352]",text00281,pers00051
"Thoreau, Henry David",My life has been the poem I would have writ... ,text00732,pers00597
"Coleridge, Samuel Taylor","The Rime of the Ancyent Marinere, In Seven Parts",text00054,pers00004
"Hemans, Felicia",Arabella Stuart ,text00040,pers00018
"Thoreau, Henry David",I am a parcel of vain strivings tied... ,text00726,pers00597
"Norwid, Cyprian Kamil",Chopin’s piano ,text01410,pers00463
"Hayati Kermani, Bibi",How can I See the Splendor of the Moon ... ,text01376,pers00840
"Burns, Robert","To a Mouse, On Turning Her Up in Her Nest with the Plough, November 1785",text00068,pers00002
"Ho, Xuan Huong",On Sharing a Husband ,text01362,pers00835
"Ó Raifteiri, Antoine",Anach Cuain ,text01404,pers00851
"Mickiewicz, Adam",The Akkerman Steppes ,text00929,pers00110
"Coleridge, Samuel Taylor","Dejection, An Ode",text00097,pers00004
"Byron, George Gordon, Lord","Childe Harold's Pilgrimage [Canto III, st. 68-75, 85-90: ‘Lake Leman’]",text00083,pers00012
"Evance, Susan",To Melancholy ,text00901,pers00770
"Byron, George Gordon, Lord",Prometheus ,text00900,pers00012
"Droste-Hülshoff, Annette von",In the Moss ,text00914,pers00089
"Lickbarrow, Isabella",On Esthwaite Water ,text00082,pers00029
"Solomos, Dionysios",The Destruction of Psara ,text01388,pers00125
"Wordsworth, William",The Immortality Ode ,text00096,pers00006
"Menken, Adah Isaacs",Battle of the Stars (After Ossian.),text01411,pers00609
"Coleridge, Samuel Taylor",The Eolian Harp ,text00069,pers00004
"Norton, Caroline Elizabeth Sarah",The Faithless Knight ,text00041,pers00020
"Bialik, Hayyim Nachman",Songs of the People [excerpts],text01439,pers00678
"Thoreau, Henry David",The Poet's Delay ,text00727,pers00597
"Thoreau, Henry David",On fields oer which the reaper's hand has passd... ,text00733,pers00597
"Coleridge, Samuel Taylor",Pains of Sleep ,text00055,pers00004
"More, Hannah","Slavery: A Poem [Ll. 67-82, 95-124, 211-226]",text00280,pers00050
"Wordsworth, William","The Prelude [Book VI. ‘Cambridge and the Alps’, ll. 352 – 369, 380 – 413 (‘Golden Hours’: Calais and the Rhone, July 1790)]",text00294,pers00006
"Quintana, Manuel José",Spain after the March Revolution [excerpt],text00519,pers00354
"Nerval, Gérard de",A Fancy ,text01161,pers00115
"Musset, Alfred de",Sonnet ,text01175,pers00113
,Kalevala [XLIV Väinämöinen’s new Kantele],text00525,
"Lewis, Matthew Gregory",Alonzo the Brave and the Fair Imogine ,text00243,pers00043
"Hugo, Victor",The poet goes away into the fields ... ,text01149,pers00064
"Blake, William",An Island in the Moon [Song III. Old Corruption],text00257,pers00009
"Wordsworth, William","The Prelude [Book XI., ll. 105-144, 282 – 305]",text00486,pers00006
"Brentano, Clemens",O Cool Wood ... ,text01015,pers00078
"Bécquer, Gustavo Adolfo",Rhyme LIII ,text00479,pers00150
"Wergeland, Henrik",The First Embrace ,text00451,pers00336
"Byron, George Gordon, Lord",Fare Thee Well ,text00337,pers00012
"Chamisso, Adelbert von",Château Boncourt ,text01029,pers00389
"Wordsworth, William","Home at Grasmere [Ll. 104-113, 122-128, 171-184, 218-256]",text00323,pers00006
"Arany, János",The Wandering Jew ,text00445,pers00335
"Wordsworth, William",The Tables Turned ,text00874,pers00006
"Blake, William",Milton [Book The Second (31.28 — 63)],text00860,pers00009
"Menken, Adah Isaacs",Aspiration ,text00848,pers00609
"Poe, Edgar Allan",Annabel Lee ,text00690,pers00119
"Poe, Edgar Allan",Silence ,text00684,pers00119
"Leopardi, Giacomo",Sappho’s Last Song ,text01217,pers00106
"Blake, William",Songs of Innocence [‘Introduction’],text00109,pers00009
"Saluzzo Roero, Diodata",To Zakynthos ,text01203,pers00515
"Blake, William",The Fly ,text00135,pers00009
"Emerson, Ralph Waldo",Days ,text00653,pers00092
"Emerson, Ralph Waldo",Merlin ,text00647,pers00092
"Blake, William",Songs of Experience [‘Introduction’],text00121,pers00009
"Küchelbecker, Wilhelm",19 October ,text01264,pers00518
"Pushkin, Alexander",To the Sea ,text01270,pers00120
"Wordsworth, William",The Cock Is Crowing ,text00146,pers00006
"Vyazemsky, Pyotr",Remembrance ,text01258,pers00516
"Wordsworth, William",The Solitary Reaper ,text00152,pers00006
"Bryant, William Cullen",The Prairies ,text00634,pers00508
"Dickinson, Emily","[280 ""I felt a Funeral, in my Brain""] ",text00807,pers00523
"Dickinson, Emily","[315 ""He fumbles at your Soul""] ",text00813,pers00523
"Norton, Caroline Elizabeth Sarah",Dreams ,text00185,pers00020
"Bowles, William Lisle",To the River Itchin [Sonnet VIII.],text00191,pers00027
"Shelley, Percy Bysshe",To Wordsworth ,text00378,pers00014
"Keats, John",Ode to Fanny ,text00344,pers00013
"Smith, Charlotte Turner","On Being Cautioned against Walking on an Headland Overlooking the Sea, because It was Frequented by a Lunatic ",text00436,pers00001
"Norton, Caroline Elizabeth Sarah",The Mother’s Heart ,text00350,pers00020
"Hemans, Felicia",Properzia Rossi ,text00387,pers00018
"Mörike, Eduard",On a Lamp ,text01099,pers00210
"Byron, George Gordon, Lord",Sonnet on Chillon ,text00218,pers00012
"Clare, John",A Wish ,text00230,pers00016
"Fet, Afanasy",When I am Tired with Life ... ,text00556,pers00371
"Grundtvig, Nikolaj Frederik Severin",De Levendes Land ,text00542,pers00369
"Keats, John",When I Have Fears that I May Cease to Be ,text00224,pers00013
"Melville, Herman",After fhe Pleasure Party ,text00768,pers00600
"Whitman, Walt",As I Ebb'd with the Ocean of Life ,text00754,pers00133
"Campbell, Thomas",Gertrude of Wyoming [Part II],text00032,pers00007
"Robinson, Mary","Sappho and Phaon [Sonnets I-XV, XXXV-XLIV]",text00026,pers00003
"Lowell, James Russell",A Fable for Critics ,text00740,pers00440
"Schlegel, Karl Wilhelm Friedrich",The Poet ,text00998,pers00124
"Macpherson, James",Oithôna: A Poem.,text00967,pers00292
"Oehlenschläger, Adam Gottlob",There is a Charming Land ... ,text01489,pers00216
"Dickinson, Emily","[67 ""Success is counted sweetest""] ",text00797,pers00523
"Harper, Frances Ellen Watkins",Bible Defence of Slavery ,text00783,pers00605
"Harper, Frances Ellen Watkins",The Slave Mother ,text00782,pers00605
"Jackson, Helen Hunt",Crossed Threads ,text00796,pers00608
"Macpherson, James",The Songs of Selma ,text00966,pers00292
"Bürger, Gottfried August",William and Helen: Imitated from the “Lenore” of Bürger,text00972,pers00041
"Wordsworth, William",The Ruined Cottage ,text00027,pers00006
"Mickiewicz, Adam",To My Russian Friends ,text01339,pers00110
"Howe, Julia Ward",Battle-Hymn of the Republic ,text00741,pers00599
"Whitman, Walt",When I Heard the Learn'd Astronomer ,text00755,pers00133
"Byron, George Gordon, Lord","The Bride of Abydos [Canto II, st. 22-27]",text00033,pers00012
"Odoevsky, Alexander",The Poet’s Dream ,text01305,pers00520
"Verlaine, Paul",The Sky is up Above the Roof ,text01463,pers00130
"Verlaine, Paul",Clair de Lune ,text01477,pers00130
"Melville, Herman",Monody ,text00769,pers00600
"Tyutchev, Fyodor",Autumn ,text01311,pers00238
"Vinje, Aasmund Olavsson",Recollections ,text00580,pers00374
"Castro, Rosalía de",The Oak Trees [II],text00594,pers00166
"Keats, John",Bright Star ,text00225,pers00013
"Wordsworth, William",The River Duddon Afterthought,text00231,pers00006
"Lamartine, Alphonse de",Glory. To an exiled poet,text01107,pers00104
"Byron, George Gordon, Lord",Sonnet to Lake Leman ,text00219,pers00012
"Lamartine, Alphonse de",Man. To Lord Byron.,text01113,pers00104
"Hemans, Felicia",The Grave of a Poetess ,text00386,pers00018
"Wordsworth, William","The Prelude [Book I., ll. 305-451]",text00437,pers00006
"Landon, Letitia Elizabeth",To My Brother ,text00351,pers00019
"Clare, John",Song ,text00345,pers00016
"Welhaven, Johan Sebastian",The Soul of Poetry ,text00423,pers00325
"Heine, Heinrich",The Silesian Weavers ,text01073,pers00098
"Keats, John",Sleep and Poetry [Ll. 96 – 162],text00379,pers00013
"Heine, Heinrich",Death is the chilly night ... ,text01067,pers00098
"Bowles, William Lisle",At a Village in Scotland [Sonnet VII.],text00190,pers00027
"Hemans, Felicia",A Parting Song ,text00184,pers00018
"Dickinson, Emily","[313 ""I should have been too glad, I see —""] ",text00812,pers00523
"Dickinson, Emily","[263 ""A single Screw of Flesh""] ",text00806,pers00523
"Coleridge, Samuel Taylor","Something Childish, but Very Natural ",text00153,pers00004
"Brooks, Maria Gowen","Zôphiël, or the Bride of Seven [Canto First: Grove of Acacias, st. I-III, L-LXVIII]",text00635,pers00587
"Mickiewicz, Adam",The Romantic ,text00621,pers00110
"Wordsworth, William",To a Butterfly ,text00147,pers00006
"Malczewski, Antoni",Marya. A Tale of Ukraine.,text00609,pers00375
Ghalib (Mirza Asadullah Beg Khan),It is a long time since my love stayed   with me here ... ,text01517,pers00876
Ghalib (Mirza Asadullah Beg Khan),How murderous is the false faith of the rose! ... ,text01503,pers00876
Ghalib (Mirza Asadullah Beg Khan),"Is it you, O God ... ",text01515,pers00876
"Hood, Thomas",Ruth ,text00179,pers00017
"Fet, Afanasy",Morning Song ,text01501,pers00371
"Barbauld, Anna Laetitia",Eighteen Hundred and Eleven ,text01529,pers00026
"Horton, George Moses",On Liberty and Slavery ,text00637,pers00588
"Wordsworth, William",Stepping Westward ,text00151,pers00006
"Wordsworth, William","To H. C., Six Years Old ",text00145,pers00006
"Sala, Felipe Jacinto",The Aeronaut ,text00623,pers00386
"Dickinson, Emily","[290 ""Of Bronze — and Blaze —""] ",text00810,pers00523
"Dickinson, Emily","[249 ""Wild Nights — Wild Nights!""] ",text00804,pers00523
"Coleridge, Samuel Taylor",Pantisocracy ,text00192,pers00004
"Norton, Caroline Elizabeth Sarah",When Maggy Gangs Away ,text00186,pers00020
"Dickinson, Emily","[986 ""A narrow Fellow in the Grass""] ",text00838,pers00523
"Heine, Heinrich",Bertrand de Born ,text01071,pers00098
"Heine, Heinrich",I do not know what it means ... ,text01065,pers00098
"Burns, Robert","Epistle to J. Lapraik, An Old Scotch Bard ",text00353,pers00002
"Zorrilla y Moral, José",Grananda [A Fantasy (extract)],text00435,pers00328
"Gonçalves Dias, Antônio",The Song Of Exile ,text00421,pers00405
"Heine, Heinrich",A star is falling slowly ... ,text01059,pers00098
"Clare, John",Ballad ,text00347,pers00016
"Landon, Letitia Elizabeth",Felicia Hemans ,text00390,pers00019
"Coleridge, Samuel Taylor",Work Without Hope ,text00384,pers00004
"Desbordes-Valmore, Marceline",To Leopardi’s Book ,text01105,pers00513
"Lamartine, Alphonse de",Autumn ,text01111,pers00104
"Shelley, Percy Bysshe",Ozymandias ,text00227,pers00014
"Hugo, Victor","Suddenly, some day, the prolific artist ... ",text01139,pers00064
"Hood, Thomas",Written in Keats’ ‘Endymion’ ,text00233,pers00017
"Mickiewicz, Adam","Pan Tadeusz [Book I, excerpt ‘Gospodarstwo’]",text00582,pers00110
"Stagnelius, Erik Johan",The Mystery of Sighs ,text00596,pers00341
"Verlaine, Paul",Spleen ,text01461,pers00130
"Tyutchev, Fyodor",A Gleam of Light ,text01307,pers00238
"Hogg, James",When the Kye Comes Hame ,text00019,pers00015
"Khomyakov, Aleksey",The Poet ,text01313,pers00521
"Verlaine, Paul",Mandoline ,text01475,pers00130
"Whitman, Walt","[Song of Myself] [excerpts: 1-6, 11, 20, 24 (partial), 31 (partial), 33 (partial), 35, 50-52]",text00743,pers00133
"Hunt, James Leigh",Abou Ben Adhem ,text00025,pers00021
"Tighe, Mary","Psyche [Canto I, st. 16 – 32: ‘A Glimpse of Love’]",text00031,pers00022
"Whitman, Walt",When Lilacs Last in the Dooryard Bloom'd ,text00757,pers00133
"Chénier, André",Every man has his sorrows ... ,text01449,pers00083
"Lermontov, Mikhail",The Poet's Death ,text00958,pers00107
"Cary, Phoebe",Advice Gratis to Certain Women By a Woman,text00780,pers00604
"Jackson, Helen Hunt",In Time of Famine ,text00794,pers00608
"Jackson, Helen Hunt",Poppies on the Wheat ,text00795,pers00608
"Cary, Phoebe",Dorothy's Dower In Three Parts,text00781,pers00604
"Brontë, Emily",Alone I Sat ,text00959,pers00158
"Klopstock, Friedrich Gottlieb",Thuiskon ,text00971,pers00102
"Bécquer, Gustavo Adolfo",Rhyme XIII: Imitation of Byron ,text00965,pers00150
"Blake, William",The Mental Traveller ,text00030,pers00009
"Whitman, Walt",Cavalry Crossing a Ford ,text00756,pers00133
"Howe, Julia Ward",The Soul-Hunter ,text00742,pers00599
"Norton, Caroline Elizabeth Sarah",My Arab Steed ,text00024,pers00020
"Shelley, Percy Bysshe",To a Skylark ,text00018,pers00014
"Mickiewicz, Adam","Within Their Silent, Perfect Glass ",text00554,pers00110
"Coleridge, Samuel Taylor",To Nature ,text00232,pers00004
"Smith, Horace","On a Stupendous Leg of Granite, Discovered Standing by Itself in the Deserts of Egypt, with the Inscription Inserted Below. ",text00226,pers00038
"Bécquer, Gustavo Adolfo",Rhyme I ,text00540,pers00150
"Hugo, Victor",To Albert Dürer ,text00568,pers00064
"Hood, Thomas",False Poets and True ,text00385,pers00017
"Landon, Letitia Elizabeth",The Poet’s Lot ,text00391,pers00019
"Clare, John",My Mary ,text00346,pers00016
"Scott, Mary","The Female Advocate [‘On Anna Laetitia Barbauld (née Aikin)’, ll. 419-464]",text00352,pers00053
"Warton, Thomas",To the River Loden ,text00187,pers00035
"Baratynsky, Evgeny",What is the freedom of dreams ... ,text01299,pers00075
"Dickinson, Emily","[1072 ""Title divine — is mine!""] ",text00839,pers00523
"Coleridge, Samuel Taylor",To the River Otter ,text00193,pers00004
"Dickinson, Emily","[258 ""There's a certain Slant of light""] ",text00805,pers00523
"Dickinson, Emily","[303 ""The Soul selects her own Society — '] ",text00811,pers00523
"Wordsworth, William",The Rainbow ,text00144,pers00006
"Brooks, Maria Gowen","Composed at the Request of a Lady, and Descriptive of Her Feelings She Returned to the North, and Died Soon After",text00636,pers00587
"Barbauld, Anna Laetitia",Washing-Day ,text01528,pers00026
"Wordsworth, William",Daffodils ,text00150,pers00006
"Pushkin, Alexander",Napoleon ,text01266,pers00120
"Clare, John",Song [‘Sad was the day’],text00178,pers00016
"Pushkin, Alexander",The Bridegroom ,text01272,pers00120
"Coleridge, Samuel Taylor",The Keepsake ,text00154,pers00004
"Bryant, William Cullen",Sonnet — To an American Painter Departing for Europe ,text00632,pers00508
"Wordsworth, William",Lines Written in Early Spring ,text00140,pers00006
"Shelley, Percy Bysshe","To Constantia, Singing ",text00168,pers00014
"Pushkin, Alexander",19 October ,text01276,pers00120
"Ryleyev, Kondraty",The Citizen ,text01262,pers00517
"Pushkin, Alexander","I have built, though not in stone ... ",text01289,pers00120
"Lamb, Charles",When Last I Roved ,text00197,pers00005
"Dickinson, Emily","[650 ""Pain — has an Element of Blank —""] ",text00829,pers00523
"Hemans, Felicia",The Graves of a Household ,text00183,pers00018
"Dickinson, Emily","[328 ""A Bird came down the Walk —""] ",text00815,pers00523
"Dickinson, Emily","[214 ""I taste a liquor never brewed —""] ",text00801,pers00523
"Baillie, Joanna",An Address to the Muses [Ll. 49-102],text00356,pers00024
"Keats, John",The Day Is Gone ,text00342,pers00013
"Shelley, Percy Bysshe",Julian and Maddalo: A Conversation [Ll. 1-67],text00381,pers00014
"Hugo, Victor",What the Shadow-Mouth Said [excerpts],text00544,pers00064
"Keats, John",To Mrs Reynolds’ Cat ,text00222,pers00013
"Norton, Caroline Elizabeth Sarah",Be Frank with Me ,text00236,pers00020
"Arany, János",Dante ,text00550,pers00335
"Wergeland, Henrik",To a Pine-Tree ,text00578,pers00336
"Clare, John","The Shepherd’s Calendar [ ""July"" 90-131]",text00020,pers00016
"Whitman, Walt",There Was a Child Went Forth... ,text00746,pers00133
"Whitman, Walt",Crossing Brooklyn Ferry ,text00752,pers00133
"Shelley, Percy Bysshe",Alastor [Preface (1st paragraph) and ll. 140-222],text00034,pers00014
"Wordsworth, William",She Dwelt Among the Untrodden Ways ,text00008,pers00006
"Harper, Frances Ellen Watkins",Free Labor ,text00785,pers00605
"Timrod, Henry",Dreams ,text00791,pers00607
"Goethe, Johann Wolfgang von",Prometheus ,text00974,pers00096
"Whitman, Walt",The Base of All Metaphysics ,text00960,pers00133
"Ridge, John Rollin",The Stolen White Girl ,text00790,pers00606
"Longfellow, Henry Wadsworth",Snow-Flakes ,text00948,pers00205
"Harper, Frances Ellen Watkins",Lines ,text00784,pers00605
"Verlaine, Paul",Cythere ,text01471,pers00130
"Wordsworth, William",A Slumber Did My Spirit Seal ,text00009,pers00006
"Pavlova, Karolina",Three Souls ,text01317,pers00522
"Baratynsky, Evgeny","Thought, yet more thought! ... ",text01303,pers00075
"Verlaine, Paul",A Clymene ,text01465,pers00130
"Whitman, Walt",Out of the Cradle Endlessly Rocking ,text00753,pers00133
"Hunt, James Leigh","The Story of Rimini [Canto III, ll. 482-604 (end)]",text00035,pers00021
"Hood, Thomas","I Remember, I Remember ",text00021,pers00017
"Verlaine, Paul",Il Pleut Doucement sur la Ville ,text01459,pers00130
"Whitman, Walt",A Woman Waits for Me... ,text00747,pers00133
"Somoza, José",Sonnet ,text00592,pers00372
"Eminescu, Mihai",Sky-Blue Flower [excerpt],text00586,pers00175
"Lamartine, Alphonse de",The West ,text01115,pers00104
"Mörike, Eduard","Think of It, O Soul! ",text01101,pers00210
"Hugo, Victor",The Fiancée of the Timbalier À M. J. F.,text01129,pers00064
"Landon, Letitia Elizabeth",The Castle of Chillon ,text00237,pers00019
"Keats, John",On Sitting Down to Read ‘King Lear’ Once Again ,text00223,pers00013
"Keats, John","The Fall of Hyperion: A Dream [Canto I, ll. 1-27, 87-294]",text00380,pers00013
"Heine, Heinrich",A young man loves a maiden ... ,text01061,pers00098
"Heine, Heinrich",Childe Harold ,text01075,pers00098
"Keats, John",I Cry Your Mercy ,text00343,pers00013
"Mickiewicz, Adam",Ode to Youth ,text00425,pers00110
"Eminescu, Mihai",Hyperion ,text00431,pers00175
"Blake, William","Europe, A Prophecy [Preface]",text00357,pers00009
"Eichendorff, Joseph Freiherr von",Divining Rod ,text01049,pers00091
"Dickinson, Emily","[199 ""I'm 'wife' — I've finished that —""] ",text00800,pers00523
"Dickinson, Emily","[327 ""Before I got my eye put out""] ",text00814,pers00523
"Landon, Letitia Elizabeth",Song [‘My heart is like the failing hearth’],text00182,pers00019
"Robinson, Mary",Sappho and Phaon [Sonnet XXV. — To Phaon],text00196,pers00003
"Dickinson, Emily","[640 ""I cannot live with You —""] ",text00828,pers00523
Ghalib (Mirza Asadullah Beg Khan),The happiness of the drop is to die   in the river ... ,text01505,pers00876
"Pushkin, Alexander",The Prophet ,text01277,pers00120
"Shelley, Percy Bysshe","Stanzas Written in Dejection, December 1818, Near Naples ",text00169,pers00014
Ghalib (Mirza Asadullah Beg Khan),When the Sky Clears ,text01511,pers00876
"Ferreira, José da Silva Maia",My homeland In the album of my friend João d'Aboim.,text00627,pers00406
"Wordsworth, William",Two April Mornings ,text00141,pers00006
"Coleridge, Samuel Taylor",Answer to a Child’s Question ,text00155,pers00004
"Bryant, William Cullen",To the Fringed Gentian ,text00633,pers00508
"Wordsworth, William",To the Cuckoo ,text00143,pers00006
"Brag, Jonas",The Starry Sky ,text00625,pers00387
"Bryant, William Cullen",To a Waterfowl ,text00631,pers00508
"Smith, Charlotte Turner",A Walk by the Water ,text00157,pers00001
Ghalib (Mirza Asadullah Beg Khan),Waterbead ecstasy: dying in a stream ... ,text01507,pers00876
"Ibsen, Henrik",Miner ,text00619,pers00756
Ghalib (Mirza Asadullah Beg Khan),Why didn’t I shrink in the blaze of that face? ... ,text01513,pers00876
"Lamb, Charles","To Louisa Martin, Whom I Used to Call ‘Monkey’ ",text00180,pers00005
"Robinson, Mary",Sappho and Phaon [From the preface],text00194,pers00003
"Dickinson, Emily","[216 ""Safe in their Alabaster Chambers —""] ",text00802,pers00523
"Dickinson, Emily","[341 ""After great pain, a formal feeling comes —""] ",text00816,pers00523
"Mickiewicz, Adam","Pan Tadeusz [Book III (excerpt, ‘Discussion on Art’)]",text00427,pers00110
"Byron, George Gordon, Lord",I Watched Thee ,text00341,pers00012
"Williams, Helen Maria",Sonnet on Reading ‘The Mountain Daisy’ by Burns ,text00355,pers00040
"Pushkin, Alexander",The Prophet ,text00433,pers00120
"Heine, Heinrich",On wings of song ... ,text01063,pers00098
"Lenau, Nikolaus",Entreaty ,text01077,pers00512
"Robinson, Mary",To the Poet Coleridge ,text00369,pers00003
"Shelley, Percy Bysshe","Adonais: An Elegy on the Death of John Keats [St. 1 – 8, 39 – 58]",text00382,pers00014
"Hemans, Felicia",To a Distant Scene ,text00235,pers00018
"Keats, John",Great Spirits Now on Earth are Sojourning ,text00221,pers00013
"Wordsworth, William",The World Is Too Much with Us ,text00209,pers00006
"Vigny, Alfred de",Moses. Poem,text01117,pers00131
"Desbordes-Valmore, Marceline",Elegy ,text01103,pers00513
"Koltsov, Alexey",The Forest ,text00590,pers00376
"Mickiewicz, Adam","Pan Tadeusz [Book IV, excerpt ‘Diplomacy and Hunting’]",text00584,pers00110
"Lermontov, Mikhail",A Dream ,text01329,pers00107
"Keats, John",The Eve of St Agnes ,text00037,pers00013
"Whitman, Walt",Here the Frailest Leaves of Me ,text00751,pers00133
"Whitman, Walt",[I Sing the Body Electric] ,text00745,pers00133
"Landon, Letitia Elizabeth",Lines of Life ,text00023,pers00019
"Pavlova, Karolina",Life calls us ... ,text01315,pers00522
"Verlaine, Paul",Dans L’Allee ,text01473,pers00130
"Cary, Phoebe",Jacob ,text00779,pers00604
"Verlaine, Paul",Fantoches ,text01467,pers00130
"Baratynsky, Evgeny",Song heals the aching spirit ... ,text01301,pers00075
"Timrod, Henry","I know not why, but all this weary day... ",text00792,pers00607
"Harper, Frances Ellen Watkins",Let the Light Enter! The Dying Words of Goethe,text00786,pers00605
"Goethe, Johann Wolfgang von",Ganymede ,text00976,pers00096
"Baudelaire, Charles",The Setting of the Romantic Sun ,text00962,pers00057
"Dickinson, Emily","[324 ""Some Keep the Sabbath Going to Church""] ",text00963,pers00523
"Harper, Frances Ellen Watkins",Bury Me in a Free Land ,text00787,pers00605
"Tegnér, Esaias",Frithiof’s Farewell [From Canto XX],text01499,pers00377
"Timrod, Henry",Lines ,text00793,pers00607
"Whitfield, James Monroe",America ,text00778,pers00603
"Whitman, Walt",[The Sleepers] ,text00744,pers00133
"Hemans, Felicia",Casabianca ,text00022,pers00018
"Moore, Thomas","Lalla Rookh [Canto III (‘The Fire-Worshippers’), ll. 201 – 453]",text00036,pers00011
"Hölderlin, Friedrich",The German’s Song ,text00988,pers00099
"Whitman, Walt",I Saw in Louisiana a Live-Oak Growing ,text00750,pers00133
"Wordsworth, William","Milton, Thou Shouldst Be Living at this Hour ",text00208,pers00006
"Keats, John",On First Looking into Chapman’s Homer ,text00220,pers00013
"Hugo, Victor","The End of Satan [Beyond Earth III, Satan at Night XV-XVI]",text00546,pers00064
"Mickiewicz, Adam",Spin Love ,text00552,pers00110
"Coleridge, Hartley",Long Time a Child ,text00234,pers00039
"Mörike, Eduard",At Midnight ,text01089,pers00210
"Landon, Letitia Elizabeth",Sappho’s Song ,text00383,pers00019
"Robinson, Mary","Ode Inscribed to the Infant Son of S. T. Coleridge, Esq., Born 14 Sept 1800 [Ll. 67-102]",text00368,pers00003
"Burns, Robert",I Am a Bard ,text00354,pers00002
"Byron, George Gordon, Lord",Stanzas to the River Po ,text00340,pers00012
"Dickinson, Emily","[435 ""Much Madness is divinest Sense —""] ",text00817,pers00523
"Dickinson, Emily","[241 ""I like a look of Agony""] ",text00803,pers00523
"Robinson, Mary",Sappho and Phaon [Sonnet XXIV. — Her Address to the Moon],text00195,pers00003
"Lamb, Charles",In My Own Album ,text00181,pers00005
"Pushkin, Alexander",André Chénier ,text01274,pers00120
"Vyazemsky, Pyotr",To Friends ,text01260,pers00516
"Bryant, William Cullen",Thanatopsis ,text00630,pers00508
"Zhukovsky, Vasily",Svetlana ,text01248,pers00134
"Moore, Thomas",Away with this Pouting ,text00156,pers00011
"Wordsworth, William",The Fountain ,text00142,pers00006
